MulMontGenericGo,1,603
MulMontGenericGo,2,752
MulMontGenericGo,3,843
MulMontGenericGo,4,1064
MulMontGenericGo,5,1233
MulMontGenericGo,6,1085
MulMontGenericGo,7,1190
MulMontGenericGo,8,1245
MulMontGenericGo,9,1357
MulMontGenericGo,10,1397
MulMontGenericGo,11,1494
MulMontGenericGo,12,1592
MulMontGenericGo,13,1706
MulMontGenericGo,14,1775
MulMontGenericGo,15,1945
MulMontGenericGo,16,1931
MulMontGenericGo,17,2091
MulMontGenericGo,18,2133
MulMontGenericGo,19,2241
MulMontGenericGo,20,2290
MulMontGenericGo,21,2400
MulMontGenericGo,22,2504
MulMontGenericGo,23,2636
MulMontGenericGo,24,2655
MulMontGenericGo,25,2787
MulMontGenericGo,26,2839
MulMontGenericGo,27,2949
MulMontGenericGo,28,3041
MulMontGenericGo,29,3159
MulMontGenericGo,30,3250
MulMontGenericGo,31,3459
MulMontGenericGo,32,3471
MulMontGenericGo,33,3575
MulMontGenericGo,34,3737
MulMontGenericGo,35,3832
MulMontGenericGo,36,3976
MulMontGenericGo,37,4203
MulMontGenericGo,38,4246
MulMontGenericGo,39,4377
MulMontGenericGo,40,4571
MulMontGenericGo,41,4862
MulMontGenericGo,42,4873
MulMontGenericGo,43,4969
MulMontGenericGo,44,4881
MulMontGenericGo,45,5228
MulMontGenericGo,46,5068
MulMontGenericGo,47,5481
MulMontGenericGo,48,5355
MulMontGenericGo,49,5632
MulMontGenericGo,50,5450
MulMontGenericGo,51,5776
MulMontGenericGo,52,5673
MulMontGenericGo,53,6272
MulMontGenericGo,54,5933
MulMontGenericGo,55,6361
MulMontGenericGo,56,6172
MulMontGenericGo,57,6486
MulMontGenericGo,58,6442
MulMontGenericGo,59,6746
MulMontGenericGo,60,6542
MulMontGenericGo,61,6874
MulMontGenericGo,62,6864
MulMontGenericGo,63,7212
MulMontGenericGo,64,6943
MulMontNonUnrolledGo,1,615
MulMontNonUnrolledGo,2,18
MulMontNonUnrolledGo,3,31
MulMontNonUnrolledGo,4,49
MulMontNonUnrolledGo,5,66
MulMontNonUnrolledGo,6,90
MulMontNonUnrolledGo,7,118
MulMontNonUnrolledGo,8,150
MulMontNonUnrolledGo,9,188
MulMontNonUnrolledGo,10,229
MulMontNonUnrolledGo,11,278
MulMontNonUnrolledGo,12,331
MulMontNonUnrolledGo,13,391
MulMontNonUnrolledGo,14,450
MulMontNonUnrolledGo,15,514
MulMontNonUnrolledGo,16,596
MulMontNonUnrolledGo,17,671
MulMontNonUnrolledGo,18,746
MulMontNonUnrolledGo,19,838
MulMontNonUnrolledGo,20,939
MulMontNonUnrolledGo,21,1030
MulMontNonUnrolledGo,22,1133
MulMontNonUnrolledGo,23,1256
MulMontNonUnrolledGo,24,1365
MulMontNonUnrolledGo,25,1533
MulMontNonUnrolledGo,26,1648
MulMontNonUnrolledGo,27,1732
MulMontNonUnrolledGo,28,1861
MulMontNonUnrolledGo,29,2009
MulMontNonUnrolledGo,30,2162
MulMontNonUnrolledGo,31,2304
MulMontNonUnrolledGo,32,2476
MulMontNonUnrolledGo,33,2634
MulMontNonUnrolledGo,34,2817
MulMontNonUnrolledGo,35,2980
MulMontNonUnrolledGo,36,3182
MulMontNonUnrolledGo,37,3339
MulMontNonUnrolledGo,38,3509
MulMontNonUnrolledGo,39,3750
MulMontNonUnrolledGo,40,3956
MulMontNonUnrolledGo,41,4148
MulMontNonUnrolledGo,42,4392
MulMontNonUnrolledGo,43,4618
MulMontNonUnrolledGo,44,4839
MulMontNonUnrolledGo,45,5002
MulMontNonUnrolledGo,46,5216
MulMontNonUnrolledGo,47,5514
MulMontNonUnrolledGo,48,5710
MulMontNonUnrolledGo,49,9599
MulMontNonUnrolledGo,50,10174
MulMontNonUnrolledGo,51,10506
MulMontNonUnrolledGo,52,11209
MulMontNonUnrolledGo,53,11365
MulMontNonUnrolledGo,54,11935
MulMontNonUnrolledGo,55,12416
MulMontNonUnrolledGo,56,12759
MulMontNonUnrolledGo,57,13838
MulMontNonUnrolledGo,58,14439
MulMontNonUnrolledGo,59,14196
MulMontNonUnrolledGo,60,14868
MulMontNonUnrolledGo,61,15496
MulMontNonUnrolledGo,62,16072
MulMontNonUnrolledGo,63,16313
MulMontNonUnrolledGo,64,17163
MulMontAsm,6,120
AddModAsm,6,14
SubModAsm,6,13
SetMod,1,2055
SetMod,2,2409
SetMod,3,2538
SetMod,4,2667
SetMod,5,2791
SetMod,6,2811
SetMod,7,2965
SetMod,8,2926
SetMod,9,3029
SetMod,10,3220
SetMod,11,3167
SetMod,12,3304
SetMod,13,3361
SetMod,14,3299
SetMod,15,3455
SetMod,16,3476
SetMod,17,3595
SetMod,18,3717
SetMod,19,3763
SetMod,20,3809
SetMod,21,3824
SetMod,22,3966
SetMod,23,3948
SetMod,24,4052
SetMod,25,4161
SetMod,26,4277
SetMod,27,4264
SetMod,28,4273
SetMod,29,4445
SetMod,30,4489
SetMod,31,4528
SetMod,32,4590
SetMod,33,4734
SetMod,34,4970
SetMod,35,4868
SetMod,36,4894
SetMod,37,4985
SetMod,38,5056
SetMod,39,5146
SetMod,40,5153
SetMod,41,5236
SetMod,42,5463
SetMod,43,5436
SetMod,44,5499
SetMod,45,5636
SetMod,46,5614
SetMod,47,5724
SetMod,48,5810
SetMod,49,5888
SetMod,50,5839
SetMod,51,6009
SetMod,52,9057
SetMod,53,7574
SetMod,54,7375
SetMod,55,7339
SetMod,56,7654
SetMod,57,9284
SetMod,58,7846
SetMod,59,6828
SetMod,60,6461
SetMod,61,6732
SetMod,62,6705
SetMod,63,6501
SetMod,64,8032
AddModNonUnrolledGo,1,11
AddModNonUnrolledGo,2,15
AddModNonUnrolledGo,3,17
AddModNonUnrolledGo,4,19
AddModNonUnrolledGo,5,21
AddModNonUnrolledGo,6,24
AddModNonUnrolledGo,7,29
AddModNonUnrolledGo,8,33
AddModNonUnrolledGo,9,37
AddModNonUnrolledGo,10,46
AddModNonUnrolledGo,11,46
AddModNonUnrolledGo,12,56
AddModNonUnrolledGo,13,69
AddModNonUnrolledGo,14,68
AddModNonUnrolledGo,15,66
AddModNonUnrolledGo,16,74
AddModNonUnrolledGo,17,76
AddModNonUnrolledGo,18,81
AddModNonUnrolledGo,19,89
AddModNonUnrolledGo,20,115
AddModNonUnrolledGo,21,133
AddModNonUnrolledGo,22,106
AddModNonUnrolledGo,23,108
AddModNonUnrolledGo,24,114
AddModNonUnrolledGo,25,132
AddModNonUnrolledGo,26,119
AddModNonUnrolledGo,27,147
AddModNonUnrolledGo,28,133
AddModNonUnrolledGo,29,154
AddModNonUnrolledGo,30,150
AddModNonUnrolledGo,31,152
AddModNonUnrolledGo,32,171
AddModNonUnrolledGo,33,165
AddModNonUnrolledGo,34,176
AddModNonUnrolledGo,35,175
AddModNonUnrolledGo,36,177
AddModNonUnrolledGo,37,185
AddModNonUnrolledGo,38,195
AddModNonUnrolledGo,39,192
AddModNonUnrolledGo,40,197
AddModNonUnrolledGo,41,196
AddModNonUnrolledGo,42,235
AddModNonUnrolledGo,43,286
AddModNonUnrolledGo,44,267
AddModNonUnrolledGo,45,259
AddModNonUnrolledGo,46,222
AddModNonUnrolledGo,47,215
AddModNonUnrolledGo,48,243
AddModNonUnrolledGo,49,230
AddModNonUnrolledGo,50,264
AddModNonUnrolledGo,51,264
AddModNonUnrolledGo,52,273
AddModNonUnrolledGo,53,282
AddModNonUnrolledGo,54,269
AddModNonUnrolledGo,55,281
AddModNonUnrolledGo,56,283
AddModNonUnrolledGo,57,294
AddModNonUnrolledGo,58,288
AddModNonUnrolledGo,59,335
AddModNonUnrolledGo,60,374
AddModNonUnrolledGo,61,355
AddModNonUnrolledGo,62,327
AddModNonUnrolledGo,63,326
AddModNonUnrolledGo,64,345
SubModNonUnrolledGo,1,13
SubModNonUnrolledGo,2,17
SubModNonUnrolledGo,3,21
SubModNonUnrolledGo,4,23
SubModNonUnrolledGo,5,23
SubModNonUnrolledGo,6,25
SubModNonUnrolledGo,7,28
SubModNonUnrolledGo,8,30
SubModNonUnrolledGo,9,33
SubModNonUnrolledGo,10,39
SubModNonUnrolledGo,11,42
SubModNonUnrolledGo,12,48
SubModNonUnrolledGo,13,58
SubModNonUnrolledGo,14,61
SubModNonUnrolledGo,15,64
SubModNonUnrolledGo,16,71
SubModNonUnrolledGo,17,85
SubModNonUnrolledGo,18,87
SubModNonUnrolledGo,19,82
SubModNonUnrolledGo,20,86
SubModNonUnrolledGo,21,97
SubModNonUnrolledGo,22,101
SubModNonUnrolledGo,23,111
SubModNonUnrolledGo,24,117
SubModNonUnrolledGo,25,147
SubModNonUnrolledGo,26,173
SubModNonUnrolledGo,27,159
SubModNonUnrolledGo,28,144
SubModNonUnrolledGo,29,163
SubModNonUnrolledGo,30,134
SubModNonUnrolledGo,31,141
SubModNonUnrolledGo,32,149
SubModNonUnrolledGo,33,166
SubModNonUnrolledGo,34,171
SubModNonUnrolledGo,35,178
SubModNonUnrolledGo,36,169
SubModNonUnrolledGo,37,168
SubModNonUnrolledGo,38,177
SubModNonUnrolledGo,39,201
SubModNonUnrolledGo,40,200
SubModNonUnrolledGo,41,202
SubModNonUnrolledGo,42,207
SubModNonUnrolledGo,43,218
SubModNonUnrolledGo,44,218
SubModNonUnrolledGo,45,231
SubModNonUnrolledGo,46,231
SubModNonUnrolledGo,47,276
SubModNonUnrolledGo,48,239
SubModNonUnrolledGo,49,236
SubModNonUnrolledGo,50,234
SubModNonUnrolledGo,51,256
SubModNonUnrolledGo,52,255
SubModNonUnrolledGo,53,264
SubModNonUnrolledGo,54,275
SubModNonUnrolledGo,55,342
SubModNonUnrolledGo,56,420
SubModNonUnrolledGo,57,380
SubModNonUnrolledGo,58,354
SubModNonUnrolledGo,59,317
SubModNonUnrolledGo,60,316
SubModNonUnrolledGo,61,317
SubModNonUnrolledGo,62,310
SubModNonUnrolledGo,63,330
SubModNonUnrolledGo,64,331
